{
  "paper": 59,
  "condition_rows": 430080,
  "expected_condition_rows": 430080,
  "evals_per_row": 262144,
  "ticks_per_row": 16777216,
  "represented_evaluations": 112742891520,
  "represented_planning_tick_decisions": 7215545057280,
  "row_count_ok": true,
  "best_non_oracle_policy": "adaptive_switch_gate",
  "best_non_oracle_utility": 0.5274568499680907,
  "oracle_utility": 0.8129111573682282,
  "smoothness_action_smoothness": 0.7740199999998683,
  "smoothness_topology_accuracy": 0.23519060509287065,
  "fixed_switch_success": 0.03407211880116544,
  "adaptive_switch_success": 0.6510690890047386,
  "full_scale_ok": true
}