extractor,task_success,topology_accuracy,switch_success,wrong_topology_rate,overregularization_rate,graph_edit_gap,contact_mode_violation,force_smoothness,action_smoothness,label_noise_sensitivity,extractor_false_positive,extractor_false_negative,topology_utility,policy_cost,recovery_margin,weight
e00,0.5815114092542384,0.4635283080541212,0.6441418749448564,0.5364716919458598,0.05211831849159695,0.4994813853327502,0.4225439736600457,0.5204499999998226,0.5903699999999366,0.09003870544293852,0.0635163058035712,0.09477413571427479,0.40740132254798994,0.19238527258752255,0.1778390254858361,56371445760
e01,0.5850899830924551,0.47210568076949844,0.6475006723890534,0.5278943192304943,0.05198452142849234,0.5039248176777783,0.4189173936482226,0.5204499999998226,0.5903699999999366,0.09003870544293852,0.12260649598213368,0.15578290714285034,0.40600309516642197,0.22238527258756025,0.18139605267682782,56371445760
