severity,task_success,topology_accuracy,switch_success,wrong_topology_rate,overregularization_rate,graph_edit_gap,contact_mode_violation,force_smoothness,action_smoothness,label_noise_sensitivity,extractor_false_positive,extractor_false_negative,topology_utility,policy_cost,recovery_margin,weight
v00,0.6121336504280492,0.4941262081416779,0.6557982382490494,0.5058737918583206,0.051081190845369814,0.4699748301356165,0.3572505826469488,0.5577842857142512,0.6142722857142312,0.09003870544294205,0.08837628928571593,0.11926252857142614,0.44077636792840635,0.20738527258756714,0.19415214626195887,28185722880
v01,0.5931229948506909,0.4767956486552653,0.6492120078586548,0.5232043513447431,0.05171785619388315,0.4908524718743285,0.39900385739398037,0.533235714285729,0.5985557142857728,0.09003870544294205,0.09141881607142846,0.12319187142856979,0.4182927093404981,0.20738527258756714,0.18438616633678734,28185722880
v02,0.5727425637374696,0.45813639695826347,0.6421425889573198,0.5418636030417643,0.05240984848405975,0.5134042776407587,0.44418846171894494,0.506641428571456,0.5815294285714147,0.09003870544294205,0.09477812857142896,0.1274860571428592,0.3941288410021319,0.20738527258756714,0.17425674051379278,28185722880
v03,0.5552035756771531,0.44220972389204793,0.6361322596028384,0.5577902761079611,0.05299678431686698,0.5325808263703711,0.48247983285667734,0.48413857142853883,0.5671225714285609,0.09003870544294205,0.09767236964285424,0.13117362857141984,0.37361091715778155,0.20738527258756714,0.16567510321279658,28185722880
