{
    "paper":  59,
    "decision":  "final_v3_full_scale_submission_candidate",
    "canonical_pdf":  "C:\\Users\\wangz\\Downloads\\59.pdf",
    "pages":  25,
    "file_size_bytes":  397519,
    "sha256":  "7769A377CE7CDCA822A1CA482F18C21EE6962095502ACDBC1FD9CAEE12AEEA31",
    "condition_rows":  430080,
    "represented_evaluations":  112742891520,
    "represented_planning_tick_decisions":  7215545057280,
    "best_non_oracle_policy":  "adaptive_switch_gate",
    "best_non_oracle_utility":  0.52745684996809072,
    "oracle_utility":  0.81291115736822817,
    "fixed_switch_success":  0.034072118801165438,
    "adaptive_switch_success":  0.65106908900473859,
    "full_scale_ok":  true,
    "local_pdf_removed":  true,
    "built_at":  "2026-06-19 21:01:22 +08:00"
}
